[
  {
    "postId": 14,
    "slug": "sapphire-song-download-pagalworld",
    "uuid": "f78fe180-4b48-4f96-bfe8-8b95c4475715",
    "action": "detailed_view",
    "timestamp": "2025-06-08T19:27:17.328Z",
    "userAgent": "Mozilla/5.0 (Windows NT 10.0; Win64; x64) AppleWebKit/537.36 (KHTML, like Gecko) Chrome/137.0.0.0 Safari/537.36",
    "ip": "::1"
  },
  {
    "postId": 14,
    "slug": "sapphire-song-download-pagalworld",
    "uuid": "6f79e227-b3f8-4998-b23c-647bc4453380",
    "action": "detailed_view",
    "timestamp": "2025-06-08T19:27:17.658Z",
    "userAgent": "Mozilla/5.0 (Windows NT 10.0; Win64; x64) AppleWebKit/537.36 (KHTML, like Gecko) Chrome/137.0.0.0 Safari/537.36",
    "ip": "::1"
  },
  {
    "postId": 14,
    "slug": "sapphire-song-download-pagalworld",
    "uuid": "0cc8dc56-811a-4652-a5ea-df4ba394f3b5",
    "action": "detailed_view",
    "timestamp": "2025-06-08T19:40:07.593Z",
    "userAgent": "Mozilla/5.0 (Windows NT 10.0; Win64; x64) AppleWebKit/537.36 (KHTML, like Gecko) Chrome/137.0.0.0 Safari/537.36",
    "ip": "::1"
  },
  {
    "postId": 14,
    "slug": "sapphire-song-download-pagalworld",
    "uuid": "d79acef2-1afe-46e7-a1ca-b2b0ee70295c",
    "action": "detailed_view",
    "timestamp": "2025-06-08T19:40:07.920Z",
    "userAgent": "Mozilla/5.0 (Windows NT 10.0; Win64; x64) AppleWebKit/537.36 (KHTML, like Gecko) Chrome/137.0.0.0 Safari/537.36",
    "ip": "::1"
  },
  {
    "postId": 14,
    "slug": "sapphire-song-download-pagalworld",
    "uuid": "c6f9a875-b87c-4de6-bdbe-ac54cbb3b2f4",
    "action": "view",
    "timestamp": "2025-06-09T05:58:24.993Z",
    "userAgent": "Mozilla/5.0 (Windows NT 10.0; Win64; x64) AppleWebKit/537.36 (KHTML, like Gecko) Chrome/137.0.0.0 Safari/537.36",
    "ip": "::1"
  },
  {
    "postId": 14,
    "slug": "sapphire-song-download-pagalworld",
    "uuid": "4b7618ee-f9b3-4f45-a7e8-b305f8815f88",
    "action": "detailed_view",
    "timestamp": "2025-06-09T05:58:27.742Z",
    "userAgent": "Mozilla/5.0 (Windows NT 10.0; Win64; x64) AppleWebKit/537.36 (KHTML, like Gecko) Chrome/137.0.0.0 Safari/537.36",
    "ip": "::1"
  },
  {
    "postId": 14,
    "slug": "sapphire-song-download-pagalworld",
    "uuid": "d1cd398b-09fa-42ac-99aa-02800f6eef2f",
    "action": "detailed_view",
    "timestamp": "2025-06-09T05:58:28.076Z",
    "userAgent": "Mozilla/5.0 (Windows NT 10.0; Win64; x64) AppleWebKit/537.36 (KHTML, like Gecko) Chrome/137.0.0.0 Safari/537.36",
    "ip": "::1"
  }
]